ia,in,id,ir,
4.30415000209905e-05,2.3374999955194653e-05,1.843800009737606e-05,0.0005715209999834769,
1.0896499816226424e-05,1.7520999790576752e-05,4.135449989917106e-05,0.001154895500121711,
1.9083000097452896e-05,2.2041499960323563e-05,7.287449989235029e-05,0.001637562500036438,
2.3625000039828592e-05,3.1499999977313564e-05,0.00013179100005800137,0.001991603999840663,
4,
